{
  "name": "ngCordova",
  "version": "0.1.3-alpha",
  "homepage": "http://ngCordova.com/",
  "authors": [
    "Max Lynch <max@drifty.com>",
    "Paolo Bernasconi <paolo.enrico.bernasconi@gmail.com>"
  ],
  "description": "AngularJS Cordova wrappers for common Cordova plugins.",
  "main": "./dist/ng-cordova.js",
  "keywords": [
    "cordova",
    "phonegap",
    "angular",
    "angularjs",
    "ionic",
    "cordova plugin"
  ],
  "license": "MIT",
  "private": false,
  "_release": "0.1.3-alpha",
  "_resolution": {
    "type": "version",
    "tag": "v0.1.3-alpha",
    "commit": "d3b40f33b3d30d0609fa59c04bb78dde074934ba"
  },
  "_source": "git://github.com/driftyco/ng-cordova.git",
  "_target": "*",
  "_originalSource": "ngCordova"
}